{
  "context-menu": {
    "atom-text-editor": [
      {
        "label": "Toggle focus of active pane",
        "command": "hey-pane:toggle-focus-of-active-pane"
      },
      {
        "label": "Toggle follow mode",
        "command": "hey-pane:toggle-follow-mode"
      }
    ]
  },
  "menu": [
    {
      "label": "Packages",
      "submenu": [
        {
          "label": "Hey Pane",
          "submenu": [
            {
              "label": "Toggle focus of active pane",
              "command": "hey-pane:toggle-focus-of-active-pane"
            },
            {
              "label": "Toggle follow mode",
              "command": "hey-pane:toggle-follow-mode"
            }
          ]
        }
      ]
    }
  ]
}
