{
  "filename": "",
  "requested_buffer_hash": "5740e3f806efe4b65a68ba827e54d1a6",
  "new_buffer": "for x in list:\n    print(x)\n",
  "version": 1,
  "diffs": [{
    "inserted": [{
      "text": "for x in list:",
      "line": 0,
      "emphasis": [{
        "start_bytes": 13,
        "end_bytes": 14,
        "start_runes": 13,
        "end_runes": 14
      }]
    }],
    "deleted": [{
      "text": "for x in list",
      "line": 0,
      "emphasis": [{
        "start_bytes": 12,
        "end_bytes": 13,
        "start_runes": 12,
        "end_runes": 13
      }]
    }]
  }]
}
